"catalyst_id","mean_conversion_percent","sd_conversion_percent","replicate_count","mean_selectivity_percent","sd_selectivity_percent"
"cat_A",42.1333333333333,0.65064070986477,3,82.3333333333333,0.602771377334172
"cat_B",34.3333333333333,0.61101009266078,3,74.3,0.556776436283006
"cat_C",46.5,0.600000000000001,3,88.0333333333333,0.404145188432743
"cat_E",40.1333333333333,0.351188458428426,3,91.0333333333333,0.351188458428426
