catalyst_id,catalyst_class,theta_A,theta_B,surface_rate_proxy,selectivity_target,surface_area_m2_g,critical_metal_flag,sustainability_review_required,screening_score,rank
cat_E,zeolite,0.4615384615384615,0.15384615384615385,1.1865144915572967,0.91,430.0,False,False,27.333931521200782,1
cat_B,acidic_oxide,0.36,0.24,0.300946140912596,0.74,210.0,False,False,19.13542576341067,2
cat_A,supported_metal,0.5714285714285715,0.1111111111111111,2.36222641916421,0.82,85.0,False,True,14.163001888623892,3
cat_D,porous_carbon,0.16666666666666669,0.4166666666666667,0.01664642141275549,0.61,60.0,False,True,8.407490889635739,4
cat_C,metal_oxide_interface,0.6753246753246753,0.06493506493506493,5.869312706716903,0.88,145.0,True,True,3.1411907180226066,5
cat_F,single_atom_catalyst,0.7294117647058824,0.03529411764705882,1.3340172890229676,0.86,75.0,True,True,-0.6996922199396636,6
