"route_id","process_type","yield_fraction","e_factor","solvent_intensity","energy_intensity_kWh_kg","space_time_yield_kg_m3_h","hazard_score","separation_difficulty_score"
"ind_A","batch_specialty",0.82,0.51219512195122,1.82926829268293,2.68292682926829,6.83333333333333,0.42,0.5
"ind_B","continuous_catalytic",0.91,0.230769230769231,0.384615384615385,1.75824175824176,28.4375,0.35,0.32
"ind_C","solvent_heavy_batch",0.76,2.36842105263158,5.52631578947368,4.73684210526316,3.61904761904762,0.68,0.82
"ind_D","flow_intensified",0.88,0.295454545454545,0.681818181818182,1.59090909090909,195.555555555556,0.38,0.36
"ind_E","biobased_route",0.79,0.658227848101266,1.39240506329114,2.40506329113924,9.875,0.31,0.55
"ind_F","electrochemical_route",0.72,0.527777777777778,1.25,4.30555555555556,24,0.4,0.48
"ind_G","recycle_feedstock_route",0.7,0.871428571428571,1.85714285714286,3.57142857142857,8.64197530864197,0.45,0.66
