target_system,n,hazard_index,vulnerability_adjusted_hazard_index,mean_evidence_weighted_risk_index,max_cancer_risk_proxy,high_attention_count
bone_marrow,1,0.07827788649706457,0.08610567514677105,0.1362490570166415,3.4442270058708414e-05,0
cancer_and_skin,1,0.8675799086757991,1.0410958904109588,0.4192234438219651,0.00039041095890410954,1
immune_endocrine,1,24.65753424657534,33.28767123287671,0.546,0.0,1
kidney,1,0.014999999999999998,0.017249999999999995,0.051794065152965967,0.0,0
neurodevelopment,3,0.93412915851272,1.4707201565557728,0.20228786545314528,0.0,0
respiratory,3,1.7077998322616719,1.856751467710372,0.20321090063578406,0.00011046575342465752,2
