scenario,chemical,body_weight_kg,vulnerability_factor,modeled_hazard_quotient,modeled_vulnerability_adjusted_hazard
body_weight_vulnerability,lead,10,1.0,0.06763209393346381,0.06763209393346381
body_weight_vulnerability,lead,10,1.25,0.06763209393346381,0.08454011741682976
body_weight_vulnerability,lead,10,1.5,0.06763209393346381,0.10144814090019572
body_weight_vulnerability,lead,10,2.0,0.06763209393346381,0.13526418786692762
body_weight_vulnerability,lead,15,1.0,0.0450880626223092,0.0450880626223092
body_weight_vulnerability,lead,15,1.25,0.0450880626223092,0.0563600782778865
body_weight_vulnerability,lead,15,1.5,0.0450880626223092,0.06763209393346381
body_weight_vulnerability,lead,15,2.0,0.0450880626223092,0.0901761252446184
body_weight_vulnerability,lead,20,1.0,0.033816046966731905,0.033816046966731905
body_weight_vulnerability,lead,20,1.25,0.033816046966731905,0.04227005870841488
body_weight_vulnerability,lead,20,1.5,0.033816046966731905,0.05072407045009786
body_weight_vulnerability,lead,20,2.0,0.033816046966731905,0.06763209393346381
body_weight_vulnerability,lead,50,1.0,0.013526418786692761,0.013526418786692761
body_weight_vulnerability,lead,50,1.25,0.013526418786692761,0.016908023483365953
body_weight_vulnerability,lead,50,1.5,0.013526418786692761,0.02028962818003914
body_weight_vulnerability,lead,50,2.0,0.013526418786692761,0.027052837573385523
body_weight_vulnerability,lead,70,1.0,0.009661727704780541,0.009661727704780541
body_weight_vulnerability,lead,70,1.25,0.009661727704780541,0.012077159630975677
body_weight_vulnerability,lead,70,1.5,0.009661727704780541,0.014492591557170812
body_weight_vulnerability,lead,70,2.0,0.009661727704780541,0.019323455409561083
body_weight_vulnerability,lead,90,1.0,0.007514677103718201,0.007514677103718201
body_weight_vulnerability,lead,90,1.25,0.007514677103718201,0.009393346379647751
body_weight_vulnerability,lead,90,1.5,0.007514677103718201,0.0112720156555773
body_weight_vulnerability,lead,90,2.0,0.007514677103718201,0.015029354207436401
