mixture_group,n,hazard_index,vulnerability_adjusted_hazard_index,mean_evidence_weighted_risk_index,max_cancer_risk_proxy,high_attention_count
air_pollutants,1,0.3945205479452055,0.49315068493150693,0.1264079792112745,0.0,0
irritants,1,1.0064299692479732,1.056751467710372,0.16100209072637914,1.2821917808219176e-07,1
metals_metalloids,4,1.5367090671885193,2.0530660469667317,0.21763855336080873,0.00039041095890410954,1
persistent_organics,1,24.65753424657534,33.28767123287671,0.546,0.0,1
pesticides,1,0.27999999999999997,0.4759999999999999,0.207326891891132,0.0,0
volatile_organics,2,0.3851272015655577,0.39295499021526414,0.22923584449317003,0.00011046575342465752,1
