record,pH,H_plus,alkalinity_dic_ratio,buffer_proxy,omega_aragonite,acidification_pressure,deoxygenation_pressure
equatorial_pacific,7.9200,0.000000012023,1.07276995,0.41516097,0.24650000,0.38967778,0.00000000
arabian_sea_omz,7.6200,0.000000023988,1.02428256,0.07035005,0.10540000,0.80855865,0.90000000
