"water_mass","pH","pco2","carbonate","omega_aragonite","acidification_pressure","deoxygenation_pressure","carbonate_system_pressure"
"coastal_upwelling",7.82,850,95,0.158333333333333,0.610982142857142,0.194444444444444,0.497826572772511
"deep_water",7.74,980,70,0.120166666666667,0.723159523809523,0.0555555555555556,0.554071472013367
"intermediate_water",7.78,780,85,0.143083333333333,0.621155555555555,0.388888888888889,0.577337793221793
"oxygen_minimum_zone",7.62,1050,62,0.1054,0.80855865079365,0.9,0.77281810577105
"surface_polar",8.02,430,165,0.286,0.288284523809524,0,0.264398234042553
"surface_subpolar",8.08,415,185,0.317583333333333,0.234943849206349,0,0.174080728848821
"surface_tropical",8.12,390,210,0.3675,0.209785714285714,0,0.119211428571429
"surface_upwelling",7.92,520,145,0.2465,0.389677777777777,0,0.308869311871227
