"region","water_mass","pH","alkalinity","dic","pco2","carbonate","omega_aragonite","alkalinity_dic_ratio","buffer_proxy","acidification_pressure","deoxygenation_pressure","nutrient_upwelling_index","carbonate_system_pressure"
"North_Atlantic","surface_subpolar",8.08,2310,2060,415,185,0.317583333333333,1.12135922330097,0.650201109570042,0.234943849206349,0,0.165857142857143,0.174080728848821
"Equatorial_Pacific","surface_upwelling",7.92,2285,2130,520,145,0.2465,1.07276995305164,0.415160965794769,0.389677777777777,0,0.395714285714286,0.308869311871227
"Southern_Ocean","surface_polar",8.02,2325,2115,430,165,0.286,1.09929078014184,0.553404255319149,0.288284523809524,0,0.501428571428571,0.264398234042553
"North_Pacific","intermediate_water",7.78,2290,2220,780,85,0.143083333333333,1.03153153153153,0.212374517374518,0.621155555555555,0.388888888888889,0.838571428571429,0.577337793221793
"Arabian_Sea","oxygen_minimum_zone",7.62,2320,2265,1050,62,0.1054,1.0242825607064,0.0703500473036898,0.80855865079365,0.9,0.84,0.77281810577105
"Caribbean_Reef","surface_tropical",8.12,2380,2040,390,210,0.3675,1.16666666666667,0.783571428571428,0.209785714285714,0,0.0295714285714286,0.119211428571429
"California_Current","coastal_upwelling",7.82,2260,2185,850,95,0.158333333333333,1.03432494279176,0.250088264138608,0.610982142857142,0.194444444444444,0.65,0.497826572772511
"Deep_Atlantic","deep_water",7.74,2350,2280,980,70,0.120166666666667,1.03070175438596,0.179078947368421,0.723159523809523,0.0555555555555556,0.842857142857143,0.554071472013367
