project,n,mean_pIC50,best_pIC50,mean_LLE,mean_MPO,advance_count
Enzyme-E,1,7.494850021680094,7.494850021680094,5.594850021680093,0.8382656228423012,1
Epigenetic-G,1,7.259637310505756,7.259637310505756,6.059637310505756,0.8199429865034943,1
GPCR-B,2,7.906239639581768,8.154901959985743,4.956239639581769,0.7627198453934063,2
Kinase-A,3,7.839806071056944,8.397940008672037,3.873139404390277,0.7275089245943116,2
Nuclear-D,1,6.920818753952375,6.920818753952375,1.7208187539523747,0.4403694094738968,0
Protease-C,1,7.070581074285707,7.070581074285707,3.470581074285707,0.6270803995963408,0
Transporter-F,1,7.823908740944319,7.823908740944319,4.023908740944319,0.6338344740227769,0
