chemistry_class,n,mean_atom_economy,mean_e_factor,mean_pmi,mean_hazard_weighted_mass_intensity,mean_green_chemistry_score
consumer_additive,1,0.7884615384615384,6.0,9.2,3.7904,0.5583246153846153
consumer_material,1,0.819672131147541,2.6666666666666665,6.333333333333333,1.824,0.7904131459797035
polymer_precursor,2,0.7708728652751423,11.966666666666665,16.8,10.1568,0.5477231535194723
small_molecule_intermediate,3,0.776505664877758,7.166666666666667,11.092592592592592,4.81762962962963,0.6380416925537855
specialty_chemical,1,0.8205128205128205,3.0,7.0,1.8760000000000001,0.764386794871795
