"chemistry_class","atom_economy","e_factor","pmi","hazard_score","green_score"
"consumer_additive",0.788461538461538,6,9.2,0.42,0.542020512820513
"consumer_material",0.819672131147541,2.66666666666667,6.33333333333333,0.28,0.767325318761384
"polymer_precursor",0.770872865275142,11.9666666666667,16.8,0.51,0.507952991777356
"small_molecule_intermediate",0.776505664877758,7.16666666666667,11.0925925925926,0.356666666666667,0.633342140948343
"specialty_chemical",0.82051282051282,3,7,0.26,0.715015384615385
