"route","chemistry_class","atom_economy","e_factor","pmi","hazard_score","solvent_hazard","renewable","circularity","degradation","green_score"
"Route_A_Stoichiometric","small_molecule_intermediate",0.692307692307692,14,18,0.55,0.62,0.2,0.3,0.25,0.413169230769231
"Route_B_Catalytic","small_molecule_intermediate",0.8,4.16666666666667,7.5,0.3,0.35,0.55,0.62,0.58,0.704333333333333
"Route_C_Biocatalytic","small_molecule_intermediate",0.837209302325581,3.33333333333333,7.77777777777778,0.22,0.2,0.7,0.75,0.72,0.782523858742463
"Route_D_Solvent_Intensive","polymer_precursor",0.735294117647059,18.3333333333333,24,0.68,0.74,0.15,0.2,0.18,0.312113725490196
"Route_E_Renewable_Feedstock","polymer_precursor",0.806451612903226,5.6,9.6,0.34,0.38,0.82,0.64,0.55,0.703792258064516
"Route_F_Flow_Chemistry","specialty_chemical",0.82051282051282,3,7,0.26,0.28,0.4,0.7,0.5,0.715015384615385
"Route_G_Persistent_Product","consumer_additive",0.788461538461538,6,9.2,0.42,0.4,0.3,0.18,0.08,0.542020512820513
"Route_H_Circular_Material","consumer_material",0.819672131147541,2.66666666666667,6.33333333333333,0.28,0.3,0.58,0.86,0.68,0.767325318761384
