compartment,n,mean_concentration,max_concentration,mean_benchmark,max_benchmark,mean_half_life_days,max_half_life_days,mean_koc_L_kg,max_koc_L_kg,mean_organic_carbon_fraction,max_organic_carbon_fraction,mean_exposure_weight,max_exposure_weight,mean_monitoring_confidence,max_monitoring_confidence,mean_benchmark_ratio,max_benchmark_ratio,mean_persistence_factor,max_persistence_factor,mean_partition_retention_factor,max_partition_retention_factor,mean_chemical_habitability_pressure_index,max_chemical_habitability_pressure_index,mean_evidence_weighted_pressure,max_evidence_weighted_pressure
air,1,0.078,0.078,0.07,0.07,0.08,0.08,0.0,0.0,0.0,0.0,0.8,0.8,0.9,0.9,1.114285714285714,1.114285714285714,0.0026595744680851068,0.0026595744680851068,0.0,0.0,0.2952360229926846,0.2952360229926846,0.26571242069341616,0.26571242069341616
groundwater,1,13.5,13.5,10.0,10.0,9999.0,9999.0,120.0,120.0,0.01,0.01,0.85,0.85,0.88,0.88,1.35,1.35,0.9970086748429554,0.9970086748429554,0.5454545454545454,0.5454545454545454,0.639924896324042,0.639924896324042,0.563133908765157,0.563133908765157
sediment,1,1.9,1.9,1.0,1.0,220.0,220.0,60000.0,60000.0,0.055,0.055,0.45,0.45,0.76,0.76,1.9,1.9,0.88,0.88,0.9996970614965162,0.9996970614965162,0.641272639702122,0.641272639702122,0.48736720617361273,0.48736720617361273
soil,1,420.0,420.0,400.0,400.0,9999.0,9999.0,2500.0,2500.0,0.035,0.035,0.7,0.7,0.82,0.82,1.05,1.05,0.9970086748429554,0.9970086748429554,0.9887005649717514,0.9887005649717514,0.6650657394872114,0.6650657394872114,0.5453539063795133,0.5453539063795133
surface_water,1,8.2,8.2,10.0,10.0,18.0,18.0,5.0,5.0,0.02,0.02,0.55,0.55,0.92,0.92,0.82,0.82,0.375,0.375,0.09090909090909091,0.09090909090909091,0.31476263924967357,0.31476263924967357,0.2895816281096997,0.2895816281096997
