compartment,n,mean_benchmark_ratio,mean_Kd_L_kg,mean_retardation_factor_proxy,mean_persistence_factor,mean_nutrient_pressure_index,mean_contaminant_pressure_index,mean_chemical_habitability_pressure_index,mean_monte_carlo_exceedance_probability,total_load_kg_day
air,1,1.114285714285714,0.0,1.0,0.0008880994671403197,0.0,0.4592411915488983,0.28257235746466947,0.903,
groundwater,2,1.525,0.16499999999999998,1.8737499999999998,0.9006493012427731,0.0475,0.6666703885871959,0.43060111657615874,0.999,0.0052704
sediment,1,1.9,3300.0,6544.103448275861,0.7096774193548387,0.255,0.3895110586325801,0.23125331758977402,1.0,
soil,2,1.225,56.95,179.70175438596493,0.999100800287744,0.9,0.46561138037391325,0.40328341411217394,0.8335,
stormwater,1,1.3333333333333333,7.2,9.0,0.47058823529411764,0.72,0.40173944698938985,0.325321834096817,0.995,3.04128
surface_water,2,1.26,0.6024999999999999,1.6085858585858586,0.175,0.75,0.39106307948410657,0.321318923845232,0.5015,602.208
wetland_water,1,2.0999999999999996,0.96,2.0105263157894737,0.3333333333333333,0.58,0.3462258398946795,0.31186775196840383,1.0,1.1793600000000002
