"analyte_class","benchmark_ratio","pressure_index"
"chlorinated_solvent",1.7,0.791542607615369
"metal",1.19,0.615047966837408
"metalloid",1.35,0.798083427601974
"nutrient",1.46,0.568758654267968
"pah",1.9,0.560062592828232
