sample_id,rock_type,SiO2,Al2O3,FeO,CaO,Na2O,K2O,Rb_ppm,Sr_ppm,U_ppm,Th_ppm,parent,daughter,sample_ratio,standard_ratio
GEO001,basalt,49.2,15.4,10.8,10.5,2.9,0.8,12,420,0.3,0.9,1.0,0.18,0.01112,0.01118
GEO002,granite,72.5,14.1,2.2,1.8,3.6,4.8,165,190,4.2,18.0,1.0,0.35,0.0112,0.01118
GEO003,shale,61.0,18.2,6.5,1.2,1.1,3.4,110,160,3.1,12.5,1.0,0.28,0.01093,0.01118
GEO004,weathered_saprolite,54.0,25.5,8.9,0.8,0.3,1.2,45,85,2.0,8.5,1.0,0.12,0.01098,0.01118
GEO005,banded_iron_formation,46.0,2.5,38.0,2.0,0.2,0.4,8,45,1.2,2.7,1.0,0.5,0.01105,0.01118
