"food_group","nutrient_density"
"fruit",0.269583333333333
"leafy_green",0.893333333333333
"legume",0.376576086956522
"nut_seed",0.16489898989899
"whole_grain",0.249768518518519
