chemical_class,n,mean_reference_ratio,mean_greenhouse_forcing_proxy_W_m2,mean_lifetime_persistence_factor,mean_photochemical_ozone_index,mean_aerosol_pressure_index,mean_atmospheric_chemistry_pressure_index
aerosol,2,1.8666666666666667,0.0,0.16602316602316602,21.0327814725197,0.69575,0.5259457510961915
greenhouse_gas,3,1.8198978195977273,1.0202725410938724,0.9972305244668854,0.0,0.3249013396063258,0.5517873998964004
reactive_carbon,1,2.25,0.0,0.6666666666666666,22.48110317577854,0.39937500000000004,0.5955424687382412
reactive_nitrogen,1,0.7924528301886793,0.0,0.008264462809917356,52.70958167164676,0.21349292452830185,0.27846288880549086
secondary_pollutant,1,1.114285714285714,0.0,0.006622516556291392,65.35805229656097,0.2581428571428571,0.49328014796764136
sulfur_chemistry,2,1.245,0.0,0.047379032258064516,9.283314773547884,0.304375,0.21369760074596117
