chemical_class,n,mean_concentration,max_concentration,mean_reference,max_reference,mean_lifetime_days,max_lifetime_days,mean_nox_ppb,max_nox_ppb,mean_voc_ppb,max_voc_ppb,mean_sunlight_index,max_sunlight_index,mean_aod,max_aod,mean_single_scattering_albedo,max_single_scattering_albedo,mean_benchmark_ratio,max_benchmark_ratio,mean_forcing_proxy,max_forcing_proxy,mean_ozone_production_index,max_ozone_production_index,mean_aerosol_direct_effect_proxy,max_aerosol_direct_effect_proxy,mean_atmospheric_chemistry_pressure_index,max_atmospheric_chemistry_pressure_index
aerosol,1,18.5,18.5,15.0,15.0,4.0,4.0,22.0,22.0,40.0,40.0,0.85,0.85,0.22,0.22,0.88,0.88,1.2333333333333334,1.2333333333333334,0.8034952377288107,0.8034952377288107,25.215074856125252,25.215074856125252,-3.8720000000000003,-3.8720000000000003,0.35251686256705594,0.35251686256705594
greenhouse_gas,2,1186.5,1950.0,501.0,722.0,20440.0,36500.0,0.0,0.0,0.0,0.0,1.0,1.0,0.045,0.06,0.95,0.96,2.105772655322517,2.700831024930748,1.757937088352906,2.2073167809421017,0.0,0.0,-0.8579999999999999,-0.564,0.4314400479781416,0.44646902576299163
reactive_carbon,1,0.9,0.9,0.4,0.4,60.0,60.0,16.0,16.0,35.0,35.0,0.95,0.95,0.05,0.05,0.95,0.95,2.25,2.25,1.1786549963416462,1.1786549963416462,22.48110317577854,22.48110317577854,-0.95,-0.95,0.4145811129948004,0.4145811129948004
secondary_pollutant,1,0.078,0.078,0.07,0.07,0.2,0.2,38.0,38.0,85.0,85.0,1.15,1.15,0.08,0.08,0.93,0.93,1.114285714285714,1.114285714285714,0.748717031714756,0.748717031714756,65.35805229656097,65.35805229656097,-1.4880000000000002,-1.4880000000000002,0.3110584654662072,0.3110584654662072
