"formulation_id","mean_low_shear_viscosity_Pa_s","sd_low_shear_viscosity_Pa_s","mean_high_shear_viscosity_Pa_s","sd_high_shear_viscosity_Pa_s","mean_yield_stress_Pa","mean_salt_aggregation_index","replicate_count","shear_thinning_ratio","review_required"
"col_A",0.012,0.001,0.0103333333333333,0.000577350269189625,0,0.08,3,1.16129032258065,FALSE
"col_B",0.86,0.0458257569495584,0.19,0.01,4.3,0.223333333333333,3,4.52631578947368,FALSE
"col_C",18.3333333333333,0.94516312525052,1.23333333333333,0.152752523165195,86,0.483333333333333,3,14.8648648648649,TRUE
"col_E",5.46666666666667,0.404145188432738,0.83,0.0458257569495584,36.1666666666667,0.313333333333333,3,6.5863453815261,TRUE
