formulation_id,mean_low_shear_viscosity_Pa_s,mean_high_shear_viscosity_Pa_s,mean_yield_stress_Pa,mean_salt_aggregation_index,shear_thinning_ratio,replicate_count
col_A,0.012,0.010333333333333333,0.0,0.08,1.1612903225806452,3
col_B,0.86,0.19,4.3,0.22333333333333333,4.526315789473684,3
col_C,18.333333333333332,1.2333333333333334,86.0,0.48333333333333334,14.864864864864863,3
col_E,5.466666666666667,0.83,36.166666666666664,0.31333333333333335,6.586345381526105,3
