water_type,n,mean_pH_total_scale,mean_DIC_umol_kg,mean_total_alkalinity_umol_kg,mean_carbonate_umol_kg,mean_omega_aragonite_simplified,mean_air_sea_CO2_flux_proxy,mean_acidification_pressure_index
coastal,1,7.7,2265.0,2205.0,85.08623643550575,1.2042975003179275,8067.340800000001,0.6251037129889465
deep_ocean,1,7.65,2350.0,2400.0,78.81995021548921,1.2368669110738306,1265.04,0.4928805784965559
estuarine,1,7.62,2300.0,2170.0,72.04621520955027,0.9310587811695727,2931.68,0.6178669073451283
open_ocean,1,8.1,2050.0,2310.0,185.02752195554223,2.9319745786801303,-90.36,0.04401747437148254
polar_surface,1,7.88,2180.0,2260.0,122.37122721368273,1.8449815795293707,4066.2,0.3509262813001912
productive_surface,1,8.18,1995.0,2315.0,212.8546770102495,3.3074342120054148,-2259.0,0.04626199999999999
reef_lagoon,1,8.02,1980.0,2290.0,150.71406831759745,2.4346118728227277,265.74625,0.08490690274385489
upwelling,1,7.78,2240.0,2285.0,100.72079144177718,1.5650461439414605,7253.900000000001,0.4973888780324026
