cluster_id,first_isotope_spacing_mz,estimated_charge
c1,0.5001999999999498,2
c2,0.33349999999995816,3
c3,1.003200000000021,1
