sample_id,mean_core_diameter_nm,mean_hydrodynamic_diameter_nm,mean_polydispersity_index,mean_aggregation_after_salt_relative,replicate_count
nano_A,18.133333333333333,24.133333333333333,0.08333333333333333,0.05,3
nano_B,55.166666666666664,72.66666666666667,0.18333333333333335,0.18333333333333335,3
nano_C,32.43333333333334,48.9,0.23333333333333334,0.32,3
nano_D,6.033333333333333,12.033333333333333,0.11,0.12,3
