"sample_id","mean_core_diameter_nm","sd_core_diameter_nm","mean_hydrodynamic_diameter_nm","sd_hydrodynamic_diameter_nm","mean_polydispersity_index","mean_aggregation_after_salt_relative","replicate_count","stability_review_required"
"nano_A",18.1333333333333,0.305505046330388,24.1333333333333,0.611010092660778,0.0833333333333333,0.05,3,FALSE
"nano_B",55.1666666666667,0.862167810425172,72.6666666666667,2.27449628123093,0.183333333333333,0.183333333333333,3,FALSE
"nano_C",32.4333333333333,0.929157324317757,48.9,2.38117617995813,0.233333333333333,0.32,3,TRUE
"nano_D",6.03333333333333,0.251661147842358,12.0333333333333,0.55075705472861,0.11,0.12,3,FALSE
