cell_id,initial_discharge_capacity_mAh,final_discharge_capacity_mAh,final_capacity_retention,mean_coulombic_efficiency,retention_slope_per_cycle,retention_loss_percent,measurement_count
bat_A,1920.0,1843.0,0.9598958333333333,0.9977935593325005,-0.0004090941110171883,4.010416666666671,6
bat_B,1995.0,1815.0,0.9097744360902256,0.9940583648472447,-0.000925087746536974,9.022556390977442,6
bat_D,1980.0,1685.0,0.851010101010101,0.988279249475415,-0.0015318015318015318,14.8989898989899,6
bat_G,2800.0,1860.0,0.6642857142857143,0.9160403758699132,-0.0032976521124087844,33.57142857142858,6
