"cell_id","final_capacity_retention","mean_capacity_retention","final_coulombic_efficiency","mean_coulombic_efficiency","retention_slope_per_cycle","retention_loss_percent_at_final_cycle","degradation_review_required"
"bat_A",0.959895833333333,0.979340277777778,0.997834325933947,0.9977935593325,-0.000409094111017191,4.01041666666667,FALSE
"bat_B",0.909774436090226,0.952798663324979,0.993431855500821,0.994058364847245,-0.000925087746536978,9.02255639097744,TRUE
"bat_D",0.851010101010101,0.914141414141414,0.986533957845433,0.988279249475415,-0.00153180153180153,14.8989898989899,TRUE
"bat_G",0.664285714285714,0.792261904761905,0.883610451306413,0.916040375869913,-0.00329765211240879,33.5714285714286,TRUE
