erosion_reduction_percent,modeled_erosion_t_ha,modeled_phosphorus_export_kg_ha
0,5.8,5.336
10,5.22,4.8024
20,4.64,4.2688
30,4.06,3.7352
40,3.48,3.2016
50,2.9,2.668
60,2.32,2.1344
70,1.7400000000000002,1.6008000000000002
80,1.1599999999999997,1.0672
90,0.5799999999999998,0.5336
