land_use,n,mean_pH,mean_soc_percent,mean_soc_stock_Mg_ha,mean_base_saturation_percent,mean_nitrate_leaching_vulnerability,mean_phosphorus_export_kg_ha_proxy,mean_soil_land_system_pressure_index
orchard,1,6.9,2.6,95.16000000000001,79.375,0.3464285714285715,1.7160000000000002,0.15969095238095238
pasture,1,6.1,4.1,129.14999999999998,75.83333333333333,0.18971428571428575,0.549,0.07688964285714288
reclaimed_mine,1,4.8,0.9,27.9,34.285714285714285,0.3345714285714286,3.055,0.5398765476190476
riparian_buffer,1,6.7,5.8,194.88000000000002,80.35714285714286,0.09557142857142858,0.156,0.04823571428571429
row_crop,2,5.85,1.4500000000000002,59.56500000000001,59.705882352941174,0.4765,3.484,0.23775333333333332
urban_garden,1,7.6,3.2,56.64,86.11111111111111,0.3102857142857143,2.08,0.30226285714285717
wetland,1,6.8,7.5,184.49999999999997,77.77777777777777,0.063,0.216,0.047086666666666666
