"soil_group","nutrient_balance","soil_pressure"
"eroded_low_om",0.188166666666667,0.622803333333333
"forest_soil",0.306166666666667,0.208643333333333
"grassland_soil",0.477666666666667,0.245113333333333
"hydric_soil",0.427666666666667,0.162713333333333
"mollisol_like",0.598,0.17244
"salinity_risk",0.692,0.391493333333333
"sandy_low_om",0.600333333333333,0.346926666666667
