"land_use","nutrient_balance","organic_matter","cec","soil_pressure"
"cropland",0.598,4.8,22,0.17244
"degraded_land",0.188166666666667,0.9,5,0.622803333333333
"forest",0.306166666666667,7.2,18,0.208643333333333
"intensive_cropland",0.600333333333333,2.1,9,0.346926666666667
"irrigated_agriculture",0.692,1.6,14,0.391493333333333
"pasture",0.477666666666667,3.9,17,0.245113333333333
"wetland",0.427666666666667,8,26,0.162713333333333
