material_class,n,mean_recovery_yield,mean_circular_retention,mean_hazard_weighted_recovered_flow,mean_safe_circularity_score,mean_circular_chemistry_score
battery,1,0.62,0.348192,81.84,0.5025,0.4388747427956988
biopolymer,1,0.54,0.10670400000000002,30.240000000000002,0.738,0.5380784483950617
electronics,1,0.37142857142857144,0.2680228571428571,83.82400000000001,0.374,0.2972046857142857
metal,1,0.9,0.7614,20.736,0.8290000000000001,0.7970716296296296
polymer,2,0.59,0.279162,40.038,0.69275,0.5301087172263993
solvent,1,0.84,0.6357119999999999,185.472,0.6549999999999999,0.7433661229629629
textile,1,0.4777777777777778,0.14333333333333334,51.6,0.6005,0.3755537855297158
