"material_class","recovery_yield","circular_retention","safe_circularity_score","circular_chemistry_score"
"battery",0.62,0.348192,0.537,0.55220992
"biopolymer",0.54,0.106704,0.728,0.46926304
"electronics",0.371428571428571,0.268022857142857,0.415,0.4392288
"metal",0.9,0.7614,0.842,0.837244
"polymer",0.59,0.279162,0.68,0.52628212
"solvent",0.84,0.635712,0.675,0.73488512
"textile",0.477777777777778,0.143333333333333,0.5835,0.415573333333333
