material_id,material_class,functional_mismatch_score,density_term,modulus_term,thermal_stability_term,conductivity_term,recyclability_term,cost_term,critical_element_flag,toxicity_flag,processing_temperature_C,responsible_design_review_required,rank
mat_A,polymer_composite,0.7530365333333333,0.058079999999999986,0.04305919999999999,0.2304,0.009604000000000001,0.37856,0.03333333333333332,False,low,80.0,False,1
mat_F,hydrogel,2.0829441919999994,0.24299999999999994,0.125960192,0.7055999999999999,0.007743999999999999,0.8086399999999995,0.19200000000000003,False,low,25.0,False,2
mat_C,porous_framework,5.792578293333333,0.7300800000000001,0.0798848,0.0064,0.009920159999999999,1.63296,3.3333333333333335,True,medium,160.0,True,3
mat_G,oxide_membrane,28.727557333333337,8.748000000000001,9.248,6.1504,0.008464,2.4393599999999993,2.1333333333333333,False,low,1100.0,True,4
mat_B,ceramic,60.13833133343333,6.627000000000001,36.992,11.559999999999999,0.0099980001,3.583999999999999,1.3653333333333333,False,low,1250.0,True,5
mat_E,semiconductor,649.1648799999999,17.328,4.92032,0.9216,620.0099999999999,1.1849599999999996,4.800000000000002,True,medium,450.0,True,6
mat_D,alloy,19599972103.37789,47.62799999999999,51.2,3.6864,19599972000.01,0.020160000000000036,0.8333333333333338,True,medium,1450.0,True,7
