"material_id","material_class","density_g_cm3","modulus_GPa","thermal_stability_C","conductivity_S_m","recyclability_score","relative_cost_score","modulus_norm","thermal_norm","low_density_norm","low_cost_norm","performance_score","responsible_design_score","combined_score","rank"
"mat_B","ceramic",3.85,180,1150,1e-04,0.45,0.62,0.857088414634146,1,0.557909604519774,0.509090909090909,0.817353826477883,0.476590909090909,0.681048659523094,1
"mat_D","alloy",7.8,210,780,1400000,0.88,0.55,1,0.650943396226415,0,0.636363636363636,0.577830188679245,0.770363636363636,0.654843567753002,2
"mat_G","oxide_membrane",4.2,95,920,0.08,0.52,0.7,0.452172256097561,0.783018867924528,0.508474576271186,0.363636363636364,0.584859266289087,0.449636363636364,0.530770105227998,3
"mat_A","polymer_composite",1.28,4.2,180,0.02,0.72,0.35,0.0196265243902439,0.0849056603773585,0.92090395480226,1,0.312857451109339,0.846,0.526114470665603,4
"mat_F","hydrogel",1.05,0.08,90,0.12,0.66,0.42,0,0,0.953389830508475,0.872727272727273,0.286016949152542,0.755727272727273,0.473901078582435,5
"mat_C","porous_framework",0.72,2.1,320,0.004,0.58,0.8,0.00962271341463415,0.216981132075472,1,0.181818181818182,0.379311345921537,0.400818181818182,0.387914080280195,6
"mat_E","semiconductor",5.3,72,540,250,0.62,0.9,0.342606707317073,0.424528301886792,0.353107344632768,0,0.374429456611183,0.341,0.36105767396671,7
