step,governance_strength,governance_gap
0,    0.000000,    0.620000
1,    0.100000,    0.558000
2,    0.200000,    0.496000
3,    0.300000,    0.434000
4,    0.400000,    0.372000
5,    0.500000,    0.310000
6,    0.600000,    0.248000
7,    0.700000,    0.186000
8,    0.800000,    0.124000
9,    0.900000,    0.062000
10,    1.000000,    0.000000
