record_id,chemical_domain,use_context,benefit_score,hazard_score,exposure_potential,vulnerability_factor,persistence_score,irreversibility_score,inequality_burden_score,worker_exposure_score,dual_use_concern,transparency_score,monitoring_score,alternatives_score,stewardship_score,governance_strength,data_completeness,qc_score,chemical_risk,justice_weighted_risk,governance_gap,transparency_confidence,stewardship_capacity,responsible_innovation_score,governance_flag
ETH001,medicine,essential_therapeutic,0.95,0.35,0.42,0.55,0.3,0.25,0.22,0.3,0.05,0.78,0.72,0.45,0.8,0.82,0.88,0.94,0.135212,0.16428258,0.02957086440000001,0.8140000000000001,0.719,0.562237604224,monitor_and_improve_governance
ETH002,agriculture,high_volume_pesticide,0.72,0.68,0.76,0.84,0.62,0.5,0.58,0.72,0.12,0.45,0.5,0.62,0.48,0.55,0.66,0.89,0.46936064,0.72375410688,0.325689348096,0.567,0.5295,0.34725685111296006,high_justice_weighted_risk
ETH003,industrial_material,persistent_additive,0.58,0.72,0.64,0.7,0.88,0.78,0.65,0.42,0.08,0.32,0.38,0.7,0.35,0.42,0.54,0.86,0.46464320000000003,0.6839547904000001,0.3966937784320001,0.45200000000000007,0.4435,0.2882685782067199,high_justice_weighted_risk
ETH004,consumer_product,indoor_exposure_chemical,0.48,0.52,0.78,0.76,0.55,0.45,0.6,0.38,0.04,0.36,0.4,0.68,0.3,0.38,0.48,0.84,0.36194432,0.51866621056,0.3215730505472,0.452,0.41600000000000004,0.28236380849971204,monitor_and_improve_governance
ETH005,water_treatment,disinfection_chemical,0.9,0.58,0.48,0.62,0.3,0.4,0.35,0.55,0.1,0.7,0.78,0.42,0.72,0.76,0.82,0.93,0.22227776,0.3039648368,0.07295156083200001,0.7749999999999999,0.682,0.50696686041472,monitor_and_improve_governance
ETH006,dual_use,restricted_toxic_precursor,0.22,0.92,0.35,0.88,0.6,0.9,0.52,0.68,0.95,0.22,0.6,0.8,0.3,0.88,0.74,0.9,0.41401920000000003,0.6202007616,0.074424091392,0.52,0.605,0.22269492972032,restricted_or_high_dual_use_governance_attention
ETH007,energy_storage,battery_material_supply_chain,0.82,0.46,0.52,0.7,0.55,0.45,0.74,0.66,0.06,0.5,0.54,0.58,0.52,0.5,0.62,0.88,0.26055680000000003,0.41715143680000005,0.20857571840000003,0.582,0.531,0.42239577011199997,monitor_and_improve_governance
ETH008,circular_material,recycled_additive_stream,0.62,0.6,0.58,0.68,0.72,0.64,0.64,0.5,0.05,0.42,0.48,0.66,0.46,0.44,0.52,0.85,0.3607808,0.5393672960000001,0.30204568576000007,0.505,0.499,0.3403867511296,monitor_and_improve_governance
