chemical_domain,n,mean_benefit_score,mean_chemical_risk,mean_justice_weighted_risk,mean_governance_gap,mean_responsible_innovation_score
agriculture,1,0.72,0.46936064,0.72375410688,0.325689348096,0.34725685111296006
circular_material,1,0.62,0.3607808,0.5393672960000001,0.30204568576000007,0.3403867511296
consumer_product,1,0.48,0.36194432,0.51866621056,0.3215730505472,0.28236380849971204
dual_use,1,0.22,0.41401920000000003,0.6202007616,0.074424091392,0.22269492972032
energy_storage,1,0.82,0.26055680000000003,0.41715143680000005,0.20857571840000003,0.42239577011199997
industrial_material,1,0.58,0.46464320000000003,0.6839547904000001,0.3966937784320001,0.2882685782067199
medicine,1,0.95,0.135212,0.16428258,0.02957086440000001,0.562237604224
water_treatment,1,0.9,0.22227776,0.3039648368,0.07295156083200001,0.50696686041472
