"domain","benefit","justice_weighted_risk","governance_gap","governance","transparency","responsible_score"
"agriculture",0.72,0.669400704,0.3012303168,0.55,0.45,0.31330787328
"circular_material",0.62,0.3537768,0.198115008,0.44,0.42,0.311920176
"consumer_product",0.48,0.441730848,0.27387312576,0.38,0.36,0.22688844736
"dual_use",0.22,0.42447328,0.0509367936,0.88,0.22,0.1687948096
"energy_storage",0.82,0.26807144,0.13403572,0.5,0.5,0.4193471408
"industrial_material",0.58,0.47480832,0.2753888256,0.42,0.32,0.2521345024
"medicine",0.95,0.09823275,0.017681895,0.82,0.78,0.619518105
"water_treatment",0.9,0.23604144,0.0566499456,0.76,0.7,0.5459125408
