sample,parent_isotope,half_life_ma,model_age_ma,CIA,mafic_index,Rb_Sr,redox_state_proxy
superior_granite,Rb87,48800.00000000,23127.84199062,58.50622407,0.03731244,0.88095238,0.25300000
banded_iron_formation,U238,4468.00000000,3186.21503168,42.73504274,0.54216867,0.04545455,0.93133333
