"sample_id","province","rock_type","tectonic_setting","sio2","CIA","mafic_index","epsilon_nd","initial_sr_ratio","redox_state_proxy","crustal_evolution_proxy","geochemical_pressure"
"GEOFS001","Superior_Craton","granite","continental_crust",72.5,58.50622406639,0.0373124419067853,-6.2,0.7125,0.255166666666667,0.780916666666667,0.354803625435338
"GEOFS002","Mid_Ocean_Ridge","basalt","oceanic_crust",50.2,50.8250825082508,0.266081871345029,8.1,0.7028,0.590833333333333,0.0726666666666667,0.291765099878409
"GEOFS003","Deccan_Province","flood_basalt","large_igneous_province",49.1,52.112676056338,0.284256559766764,1.5,0.7055,0.587,0.157750000000001,0.254201955405905
"GEOFS004","Barberton_Greenstone","komatiite","archean_mantle",44,44.3786982248521,0.462759462759463,4.5,0.7015,0.578,0.0106666666666667,0.269576703296703
"GEOFS005","Himalayan_Foreland","shale","sedimentary_basin",61,77.0833333333333,0.135977337110482,-10.5,0.719,0.335333333333333,0.730666666666667,0.504482587346553
"GEOFS006","Banded_Iron_Formation","iron_formation","precambrian_ocean",38,42.7350427350427,0.542168674698795,-1,0.704,0.858,0.0945,0.336190361445783
"GEOFS007","Andean_Arc","andesite","subduction_arc",60,59.9303135888502,0.139167862266858,2.4,0.7068,0.513666666666667,0.333166666666667,0.295983594998975
"GEOFS008","Siberian_Platform","carbonate","marine_sedimentary",5.5,1.71265461465271,0.239280774550484,-3,0.708,0.295833333333333,0.171166666666667,0.185150539419087
