"rock_type","CIA","mafic_index","redox_state_proxy","crustal_evolution_proxy","geochemical_pressure"
"andesite",59.9303135888502,0.139167862266858,0.513666666666667,0.333166666666667,0.295983594998975
"basalt",50.8250825082508,0.266081871345029,0.590833333333333,0.0726666666666667,0.291765099878409
"carbonate",1.71265461465271,0.239280774550484,0.295833333333333,0.171166666666667,0.185150539419087
"flood_basalt",52.112676056338,0.284256559766764,0.587,0.157750000000001,0.254201955405905
"granite",58.50622406639,0.0373124419067853,0.255166666666667,0.780916666666667,0.354803625435338
"iron_formation",42.7350427350427,0.542168674698795,0.858,0.0945,0.336190361445783
"komatiite",44.3786982248521,0.462759462759463,0.578,0.0106666666666667,0.269576703296703
"shale",77.0833333333333,0.135977337110482,0.335333333333333,0.730666666666667,0.504482587346553
