"tectonic_setting","CIA","mafic_index","redox_state_proxy","geochemical_pressure"
"archean_mantle",44.3786982248521,0.462759462759463,0.578,0.269576703296703
"continental_crust",58.50622406639,0.0373124419067853,0.255166666666667,0.354803625435338
"large_igneous_province",52.112676056338,0.284256559766764,0.587,0.254201955405905
"marine_sedimentary",1.71265461465271,0.239280774550484,0.295833333333333,0.185150539419087
"oceanic_crust",50.8250825082508,0.266081871345029,0.590833333333333,0.291765099878409
"precambrian_ocean",42.7350427350427,0.542168674698795,0.858,0.336190361445783
"sedimentary_basin",77.0833333333333,0.135977337110482,0.335333333333333,0.504482587346553
"subduction_arc",59.9303135888502,0.139167862266858,0.513666666666667,0.295983594998975
