water_body_type,n,mean_pH,mean_dissolved_oxygen_mg_L,mean_oxygen_stress_index,mean_nutrient_enrichment_index,mean_metal_pressure_index,mean_turbidity_pressure,mean_water_quality_pressure_index,total_load_kg_day
aquifer,1,7.1,1.1,0.8900000000000001,0.06,0.4034358974358975,0.005,0.35680009596473705,0.005184
estuary,1,7.8,6.8,0.10666666666666672,0.62,0.4866666666666667,0.22,0.42411144506890436,1.69344
lake,1,8.3,4.6,0.4,0.39,0.1963717948717949,0.18,0.2917301182741303,
reservoir,1,8.0,7.5,0.12666666666666668,0.28500000000000003,0.13046153846153846,0.09,0.14702763911221906,88.4736
river,2,7.4,8.2,0.13333333333333333,0.84,0.27742307692307694,0.12,0.3514528957257881,565.3670400000001
urban_runoff,1,7.0,6.4,0.17999999999999997,0.725,0.769,0.75,0.48922368570832686,0.326592
wetland,1,6.8,5.2,0.31333333333333324,0.285,0.17242051282051282,0.34,0.26688722390690434,0.5832
