record,benchmark_ratio,load_kg_day,oxygen_deficit,oxygen_stress,nutrient_index,metal_index
river_nitrate,0.78000000,552.61440000,2.00000000,0.13333333,0.84000000,0.27742308
stormwater_lead,1.20000000,0.32659200,2.70000000,0.18000000,0.72500000,0.76900000
