"water_body","benchmark_ratio","oxygen_stress","nutrient_index","metal_index","pressure_index"
"aquifer",1.2,0.75,0.06,0.44,0.372525387612493
"estuary",1.08,0.25,0.87,0.55,0.4844241881203
"lake",0.92,0.54,0.39,0.18,0.345921694204108
"reservoir",0.32,0.2,0.29,0.14,0.18165917225421
"river",0.78,0.13,0.84,0.25,0.352906496531084
"urban_runoff",1.2,0.3,1,0.88,0.661125387612493
"wetland",0.9,0.42,0.53,0.2,0.372259936041185
