"analyte","benchmark_ratio","pressure_index"
"arsenic",1.2,0.372525387612493
"copper",1.08,0.4844241881203
"dissolved_oxygen",0.92,0.345921694204108
"lead",1.2,0.661125387612493
"nitrate_as_N",0.55,0.267282834392647
"phosphate_as_P",0.9,0.372259936041185
