project,n,mean_pIC50,best_pIC50,mean_selectivity_window,mean_lipophilic_ligand_efficiency,mean_oral_property_score,mean_safety_liability_score,mean_developability_score,mean_multiparameter_optimization_score,advance_count
Enzyme-E,1,7.494850021680094,7.494850021680094,162.5,5.594850021680093,0.8924963464687247,0.0,0.9079292768196091,0.84695941459531,1
Epigenetic-G,1,7.259637310505756,7.259637310505756,163.63636363636363,6.059637310505756,0.808,0.0,0.8944666666666666,0.8311805891249494,1
GPCR-B,2,7.906239639581768,8.154901959985743,37.62987012987013,4.956239639581769,0.8262009392380673,0.1875,0.8095175509555457,0.7653067153552288,2
Kinase-A,3,7.839806071056944,8.397940008672037,446.6666666666667,3.873139404390277,0.7112752999790485,0.10222222222222221,0.738057466103778,0.7296615251059346,2
Nuclear-D,1,6.920818753952375,6.920818753952375,13.333333333333334,1.7208187539523747,0.5302387177906935,0.4066666666666666,0.4884724401156317,0.45597843481427974,0
Protease-C,1,7.070581074285707,7.070581074285707,87.05882352941177,3.470581074285707,0.6296500555534457,0.049999999999999996,0.6250997416659282,0.6296316582683699,0
Transporter-F,1,7.823908740944319,7.823908740944319,12.0,4.023908740944319,0.6997258329918828,0.44249999999999995,0.6354734859916035,0.6324682516359599,0
