compound_id,pIC50,LLE,selectivity_window,MPO_score
MEDADV001,7.744727,4.544727,116.666667,0.730623
MEDADV008,8.397940,3.797940,1200.000000,0.761005
