compound_id,project,pIC50,LLE,selectivity_window
MEDADV001,Kinase-A,7.744727,4.544727,116.666667
MEDADV002,Kinase-A,7.376751,3.276751,23.333333
MEDADV003,GPCR-B,8.154902,5.354902,45.714286
MEDADV010,GPCR-B,7.657577,4.557577,29.545455
MEDADV006,Enzyme-E,7.494850,5.594850,162.500000
