"project","pIC50","selectivity_window","LLE","hERG_risk","MPO"
"Enzyme-E",7.49485002168009,162.5,5.59485002168009,0,0.828738335574949
"GPCR-B",7.90623963958177,37.6298701298701,4.95623963958177,0.5,0.704192392148283
"Kinase-A",7.83980607105694,446.666666666667,3.87313940439028,0.0333333333333333,0.726344853076724
