"compound_id","project","pIC50","selectivity_window","LLE","hERG_risk","solubility_score","MPO"
"MEDADV001","Kinase-A",7.74472749489669,116.666666666667,4.54472749489669,0,0.718788049467541,0.762844035106588
"MEDADV002","Kinase-A",7.3767507096021,23.3333333333333,3.2767507096021,0.1,0.629199144061835,0.597735259982458
"MEDADV003","GPCR-B",8.15490195998574,45.7142857142857,5.35490195998574,0.6,0.788223198540372,0.730048932308304
"MEDADV006","Enzyme-E",7.49485002168009,162.5,5.59485002168009,0,0.958313035937359,0.828738335574949
"MEDADV008","Kinase-A",8.39794000867204,1200,3.79794000867204,0,0.665860398714024,0.818455264141125
"MEDADV010","GPCR-B",7.65757731917779,29.5454545454545,4.55757731917779,0.4,0.815244027561609,0.678335851988263
