polymer_id,Mn_g_mol,Mw_g_mol,dispersity
poly_A,93733.33333333333,121678.52062588905,1.2981349995649616
poly_B,108225.80645161291,137660.2086438152,1.2719721215971
poly_C,86390.625,121004.34074877917,1.4006651850102851
