species,binding_energy_K,dust_temperature_K,uv_field_index,desorption_rate_s1,photodissociation_lifetime_years
CO,855.0,10.0,0.2,7.376015102518876e-26,1584.4043907014473
CH3OH,5500.0,120.0,8.0,1.244045446924988e-08,39.61010976753619
H2O,5700.0,160.0,12.0,0.0003374885804015305,26.406739845024127
CO2,2575.0,900.0,150.0,57205163647.61406,2.1125391876019295
