upper_energy_K,ln_intensity_over_g,fitted_ln_intensity_over_g,residual
7.0,2.064327903869788,2.0540238919849143,0.01030401188487362
13.94,1.5414649288478945,1.5594913859251038,-0.01802645707720929
23.2,0.9073621011298537,0.8996396559375186,0.0077224451923351145
