left_peak,right_peak,resolution_Rs
p1,p2,7.58139534883721
p2,p3,4.464285714285713
p3,p4,3.8769230769230787
p4,p5,4.368421052631577
