"station","chemical_class","species","reference_ratio","forcing_proxy","ozone_index","aerosol_effect","persistence_factor","pressure_index"
"Global-CO2","greenhouse_gas","CO2",1.51071428571429,2.2073167809421,0,-0.9408,0.999178757185875,0.43121598507885
"Global-CH4","greenhouse_gas","CH4",2.70083102493075,0.622394879275815,0,-0.6945,0.993197278911565,0.392431752492741
"Global-N2O","greenhouse_gas","N2O",1.24814814814815,0.2311059630637,0,-0.6945,0.999315537303217,0.281438705180109
"Urban-O3","secondary_pollutant","O3",1.11428571428571,0,65.358052296561,-1.7928,0.00662251655629139,0.277266448421955
"Urban-NO2","reactive_nitrogen","NO2",0.792452830188679,0,52.7095816716468,-1.5428,0.00826446280991736,0.221328317332613
"Wildfire-PM","aerosol","PM2.5",2.53333333333333,0,34.2873883519874,-13.4776,0.142857142857143,0.425539616921394
"Dust-AOD","aerosol","coarse_aerosol",1.2,0,7.77817459305202,-17.7694,0.189189189189189,0.334684074738799
"Marine-DMS","sulfur_chemistry","DMS",2.25,0,3.6,-2.8668,0.032258064516129,0.240924933918867
