"chemical_class","reference_ratio","forcing_proxy","ozone_index","aerosol_effect","persistence_factor","pressure_index"
"aerosol",1.86666666666667,0,21.0327814725197,-15.6235,0.166023166023166,0.380111845830096
"greenhouse_gas",1.81989781959773,1.02027254109387,0,-0.7766,0.997230524466885,0.3683621475839
"reactive_nitrogen",0.792452830188679,0,52.7095816716468,-1.5428,0.00826446280991736,0.221328317332613
"secondary_pollutant",1.11428571428571,0,65.358052296561,-1.7928,0.00662251655629139,0.277266448421955
"sulfur_chemistry",2.25,0,3.6,-2.8668,0.032258064516129,0.240924933918867
