record,rate_proxy,uv_attenuation,photo_rate,freezeout_efficiency,thermal_desorption_proxy,column_abundance_ratio
cold_dark_cloud,1.641699972478e-11,2.080698697112e-11,2.080698697112e-22,0.79919371,0.00000000,2.200000000000e-09
hot_core,1.511004822700e-10,5.573903692695e-06,1.672171107808e-15,0.61805419,0.00000006,8.000000000000e-09
