"environment","molecular_complexity_score","ice_chemistry_score","ionization_pressure","activity_index"
"cold_dark_cloud",0.702435996571543,0.678479531151191,0.278485838076709,0.381777586884406
"cometary_coma",0.739812465545632,0.57,0.25,0.361277382836724
"disk_midplane",0.685,0.9285,0.25,0.43347
"hot_core",0.959260013846733,0.512951140738196,0.684640156839958,0.477406906030825
"icy_world",0.597782305302621,0.766,0.725772496747986,0.457891931174121
"planetary_atmosphere",0.814944024397327,0.2845,0.575257498915995,0.382280587494012
"translucent_cloud",0.525201774481638,0.135077249674799,0.369280313679916,0.235848882107956
