"molecular_family","molecular_complexity_score","ice_chemistry_score","activity_index"
"carbon_chain",0.702435996571543,0.678479531151191,0.381777586884406
"complex_organic",0.959260013846733,0.512951140738196,0.477406906030825
"ice_chemistry",0.685,0.9285,0.43347
"nitrile",0.814944024397327,0.2845,0.382280587494012
"oxidant_ice",0.597782305302621,0.766,0.457891931174121
"small_molecule",0.525201774481638,0.135077249674799,0.235848882107956
"volatile_ice",0.739812465545632,0.57,0.361277382836724
