rock_type,n,mean_SiO2_wt_pct,mean_CIA_molar_CaO_star,mean_Rb_Sr_ratio,mean_Th_U_ratio,mean_LaN_YbN_ratio,mean_redox_archive_index,mean_geochemical_archive_index
andesite,1,59.5,47.81809378879947,0.11372549019607843,4.3076923076923075,5.8544303797468356,0.17400000000000002,0.4439846064453939
banded_iron_formation,1,46.0,37.27509019383894,0.17777777777777778,2.2500000000000004,2.7848101265822787,0.8005555555555556,0.5284909893358394
basalt,1,49.2,38.88759115205944,0.02857142857142857,3.0,1.8565400843881859,0.21581436314363142,0.3420549189153503
granite,1,72.5,49.99374772550553,0.868421052631579,4.285714285714286,6.552494415487714,0.13872030651340994,0.6009667390317753
limestone,1,3.2,0.8242024687189683,0.0064516129032258064,0.6666666666666667,6.962025316455696,0.1152482638888889,0.3023676055556303
shale,1,61.0,71.53870599938332,0.6875,4.032258064516129,6.45260882988577,0.6550632969034608,0.7425742545684442
sulfide,1,12.0,23.062453521551134,0.1,0.5,2.7848101265822787,0.7775555555555556,0.4696538420995644
weathered_saprolite,1,54.0,91.77289008121431,0.5294117647058824,4.25,4.641350210970464,0.42455092592592597,0.6777289218760699
