sample_id,absorbance,estimated_concentration_mol_l
unknown_A_rep1,0.386,0.005116532206428479
unknown_A_rep2,0.391,0.005183762325521834
unknown_A_rep3,0.384,0.0050896401587911385
